[
  {
    "id": "6cec85fc-32c2-4eb0-88ed-14a180563602",
    "data": [
      {
        "text": "tell me how ivysaur evolves",
        "userDefined": false
      }
    ],
    "isTemplate": false,
    "count": 0,
    "lang": "en",
    "updated": 0
  },
  {
    "id": "0d24ec4d-24a1-4eed-a34b-8ccb4097fcce",
    "data": [
      {
        "text": "ivysaur",
        "meta": "@sys.ignore",
        "userDefined": false
      },
      {
        "text": " evolution",
        "userDefined": false
      }
    ],
    "isTemplate": false,
    "count": 0,
    "lang": "en",
    "updated": 0
  }
]