[
  {
    "id": "0f1cd2a3-f97a-4a97-aec5-3236aab6591d",
    "data": [
      {
        "text": "tell me how bulbasaur evolves",
        "userDefined": false
      }
    ],
    "isTemplate": false,
    "count": 0,
    "lang": "en",
    "updated": 0
  },
  {
    "id": "d31798ad-4d7d-4f20-b731-19180481c012",
    "data": [
      {
        "text": "bulbasaur",
        "meta": "@sys.ignore",
        "userDefined": false
      },
      {
        "text": " evolution",
        "userDefined": false
      }
    ],
    "isTemplate": false,
    "count": 0,
    "lang": "en",
    "updated": 0
  }
]