[
  {
    "id": "1f6c05d6-3f74-47db-909a-e28f513459bb",
    "data": [
      {
        "text": "tell me how venusaur evolves",
        "userDefined": false
      }
    ],
    "isTemplate": false,
    "count": 0,
    "lang": "en",
    "updated": 0
  },
  {
    "id": "6425e477-1197-47fa-8153-3c73f246f105",
    "data": [
      {
        "text": "venusaur",
        "meta": "@sys.ignore",
        "userDefined": false
      },
      {
        "text": " evolution",
        "userDefined": false
      }
    ],
    "isTemplate": false,
    "count": 0,
    "lang": "en",
    "updated": 0
  }
]