[
  {
    "id": "cdeec629-dda5-4636-81a4-cc3cf29558f5",
    "data": [
      {
        "text": "tell me how charizard evolves",
        "userDefined": false
      }
    ],
    "isTemplate": false,
    "count": 0,
    "lang": "en",
    "updated": 0
  },
  {
    "id": "9fb87c1e-a987-4fc4-9546-cb0b22179020",
    "data": [
      {
        "text": "how charizard evolves",
        "userDefined": false
      }
    ],
    "isTemplate": false,
    "count": 0,
    "lang": "en",
    "updated": 0
  },
  {
    "id": "5cfe8010-b718-4487-ad7e-4631fc8896b7",
    "data": [
      {
        "text": "charizard evolution",
        "userDefined": false
      }
    ],
    "isTemplate": false,
    "count": 0,
    "lang": "en",
    "updated": 0
  }
]