[
  {
    "id": "6ab34568-0aed-451f-8fa8-d5dc9b8c5f78",
    "data": [
      {
        "text": "venusaur forms",
        "userDefined": false
      }
    ],
    "isTemplate": false,
    "count": 0,
    "lang": "en",
    "updated": 0
  },
  {
    "id": "36cc946f-0915-4935-88e3-b17354a154f3",
    "data": [
      {
        "text": "tell me ",
        "userDefined": false
      },
      {
        "text": "venusaur",
        "meta": "@sys.ignore",
        "userDefined": false
      },
      {
        "text": " forms",
        "userDefined": false
      }
    ],
    "isTemplate": false,
    "count": 0,
    "lang": "en",
    "updated": 0
  }
]