[
  {
    "id": "036813ce-d4f0-491f-ae98-24953e3a6d6d",
    "data": [
      {
        "text": "bulbsaur",
        "userDefined": false
      }
    ],
    "isTemplate": false,
    "count": 0,
    "lang": "en",
    "updated": 0
  },
  {
    "id": "d6e85309-8c9b-45d6-87fb-9a93bc401f88",
    "data": [
      {
        "text": "tell me about ",
        "userDefined": false
      },
      {
        "text": "bulbsaur",
        "meta": "@sys.ignore",
        "userDefined": false
      }
    ],
    "isTemplate": false,
    "count": 0,
    "lang": "en",
    "updated": 0
  }
]