[
  {
    "id": "188d21d2-d7d3-484f-9bae-f4a8e5f8c057",
    "data": [
      {
        "text": "what are ",
        "userDefined": false
      },
      {
        "text": "venusaur",
        "meta": "@Pokemon",
        "alias": "Pokemon",
        "userDefined": true
      },
      {
        "text": " most ",
        "userDefined": false
      },
      {
        "text": "powerful attacks",
        "meta": "@attackspowerufl",
        "alias": "attackspowerufl",
        "userDefined": true
      }
    ],
    "isTemplate": false,
    "count": 0,
    "lang": "en",
    "updated": 0
  }
]